Employee_ID,First_Name,Last_Name,Email,Active,Hire_Date
21001,Aarav,Sharma,aarav.sharma@supertenant.demo,1,2018-01-15
21002,Meera,Iyer,meera.iyer@supertenant.demo,1,2019-02-15
21003,John,Smith,john.smith@supertenant.demo,1,2020-03-15
21004,Priya,Patel,priya.patel@supertenant.demo,1,2021-04-15
21005,Carlos,Gomez,carlos.gomez@supertenant.demo,1,2022-05-15
21006,Wei,Chen,wei.chen@supertenant.demo,1,2023-06-15
21007,Sofia,Rossi,sofia.rossi@supertenant.demo,1,2024-07-15
21008,Liam,Brown,liam.brown@supertenant.demo,1,2018-08-15
21010,David,Miller,david.miller@supertenant.demo,1,2020-01-15
21011,Fatima,Khan,fatima.khan@supertenant.demo,1,2021-02-15
21012,Kenji,Tanaka,kenji.tanaka@supertenant.demo,1,2022-03-15
21013,Olivia,Davis,olivia.davis@supertenant.demo,1,2023-04-15
21014,Ravi,Menon,ravi.menon@supertenant.demo,1,2024-05-15
21015,Emma,Wilson,emma.wilson@supertenant.demo,1,2018-06-15
21016,Noah,Garcia,noah.garcia@supertenant.demo,1,2019-07-15
21017,Isabella,Moore,isabella.moore@supertenant.demo,1,2020-08-15
21019,Grace,Lee,grace.lee@supertenant.demo,1,2022-01-15
21020,Mateo,Lopez,mateo.lopez@supertenant.demo,1,2023-02-15
21021,Hana,Sato,hana.sato@supertenant.demo,1,2024-03-15
21022,Lucas,Martin,lucas.martin@supertenant.demo,1,2018-04-15
21023,Divya,Reddy,divya.reddy@supertenant.demo,1,2019-05-15